Model,RMSE,MAE,R²,RMSLE,Best_Params,CV_Score
Lasso,0.12643387865640762,0.08631960399465796,0.9035344004887497,0.12643387865640762,{'alpha': 0.01},0.020085662270656696
ElasticNet,0.12786813697877583,0.08807124846187064,0.9013333868867708,0.12786813697877583,"{'alpha': 0.1, 'l1_ratio': 0.1}",0.019885688738394587
XGBoost,0.13216142257794192,0.08678899081600543,0.8945965187712221,0.13216142257794192,"{'subsample': 1.0, 'min_child_weight': 3, 'max_depth': 3, 'learning_rate': 0.2, 'gamma': 0, 'colsample_bytree': 1.0}",0.018097774213299233
LightGBM,0.13550109799611246,0.08986186795569251,0.8892021905389782,0.13550109799611246,"{'subsample': 1.0, 'num_leaves': 50, 'min_child_samples': 50, 'max_depth': 10, 'learning_rate': 0.1, 'colsample_bytree': 0.8}",0.01736786645067667
Ridge,0.15438038434333887,0.0915735685192246,0.8561765239292194,0.15438038434333887,{'alpha': 0.01},0.021131059365746354
